{
  "chain_id": 2,
  "seed": 2042,
  "log_likelihood": -5824.26123046875,
  "convergence": true,
  "execution_time": 1950.0121175646782
}