{
  "chain_id": 3,
  "seed": 3042,
  "log_likelihood": -6248.0537109375,
  "convergence": true,
  "execution_time": 2680.532779812813
}