{
  "chain_id": 0,
  "seed": 42,
  "log_likelihood": -105803.1171875,
  "convergence": true,
  "execution_time": 3803.932727396488
}