{
  "W": {
    "max_rhat_per_factor": [
      13.18828010559082,
      10.6566162109375
    ],
    "mean_rhat_per_factor": [
      4.688286304473877,
      5.271148681640625
    ],
    "max_rhat_overall": 13.18828010559082,
    "mean_rhat_overall": 4.979718208312988
  },
  "Z": {
    "max_rhat_per_factor": [
      19.782711029052734,
      4.033878326416016
    ],
    "mean_rhat_per_factor": [
      6.218025207519531,
      2.712815999984741
    ],
    "max_rhat_overall": 19.782711029052734,
    "mean_rhat_overall": 4.465420246124268
  }
}