{
  "W": {
    "max_rhat_per_factor": [
      3.5598113536834717,
      3.9763333797454834,
      4.017590522766113,
      2.8284854888916016,
      2.924905300140381,
      2.5857484340667725,
      3.0246493816375732,
      2.5384953022003174,
      2.561539888381958,
      2.729374647140503,
      3.5537707805633545,
      3.4757885932922363,
      3.314434051513672,
      3.6983864307403564,
      2.91143536567688,
      3.1515254974365234,
      3.1661441326141357,
      2.8908302783966064,
      3.901240348815918,
      2.329399347305298
    ],
    "mean_rhat_per_factor": [
      1.5677893161773682,
      1.5522832870483398,
      1.4316595792770386,
      1.4762945175170898,
      1.462363600730896,
      1.3754616975784302,
      1.3945732116699219,
      1.4070169925689697,
      1.439724087715149,
      1.4142042398452759,
      1.5661052465438843,
      1.4125481843948364,
      1.4252785444259644,
      1.4398834705352783,
      1.4780051708221436,
      1.3167548179626465,
      1.4460567235946655,
      1.4982033967971802,
      1.4495198726654053,
      1.3330947160720825
    ],
    "max_rhat_overall": 4.017590522766113,
    "mean_rhat_overall": 1.4443409442901611
  },
  "Z": {
    "max_rhat_per_factor": [
      3.463270664215088,
      3.5594022274017334,
      3.0025041103363037,
      3.2116613388061523,
      3.053128480911255,
      2.815617799758911,
      2.6564009189605713,
      2.79638671875,
      3.60318660736084,
      2.9550962448120117,
      3.2322418689727783,
      2.977139949798584,
      3.9193174839019775,
      3.2179019451141357,
      3.2015013694763184,
      3.0275063514709473,
      2.890882730484009,
      2.9650368690490723,
      2.693678855895996,
      2.7765684127807617
    ],
    "mean_rhat_per_factor": [
      1.9690853357315063,
      2.1769282817840576,
      1.7236781120300293,
      2.078150749206543,
      1.8075836896896362,
      1.818495273590088,
      1.8315807580947876,
      1.719754934310913,
      1.8250975608825684,
      1.7923929691314697,
      1.7217034101486206,
      1.9745762348175049,
      1.9562959671020508,
      1.7470238208770752,
      1.9581241607666016,
      1.6674964427947998,
      1.9284173250198364,
      1.7267441749572754,
      1.6167787313461304,
      1.7410888671875
    ],
    "max_rhat_overall": 3.9193174839019775,
    "mean_rhat_overall": 1.8390496969223022
  }
}