{
  "W": {
    "max_rhat_per_factor": [
      11.097665786743164,
      14.915860176086426
    ],
    "mean_rhat_per_factor": [
      6.467726230621338,
      6.552458763122559
    ],
    "max_rhat_overall": 14.915860176086426,
    "mean_rhat_overall": 6.510092735290527
  },
  "Z": {
    "max_rhat_per_factor": [
      8.785544395446777,
      7.204024314880371
    ],
    "mean_rhat_per_factor": [
      3.621157169342041,
      3.4733169078826904
    ],
    "max_rhat_overall": 8.785544395446777,
    "mean_rhat_overall": 3.547236919403076
  }
}