{
  "W": {
    "max_rhat_per_factor": [
      11.863194465637207,
      12.613317489624023
    ],
    "mean_rhat_per_factor": [
      5.017467975616455,
      7.3570404052734375
    ],
    "max_rhat_overall": 12.613317489624023,
    "mean_rhat_overall": 6.187254905700684
  },
  "Z": {
    "max_rhat_per_factor": [
      3.554009437561035,
      5.229146480560303
    ],
    "mean_rhat_per_factor": [
      2.2510101795196533,
      2.6643505096435547
    ],
    "max_rhat_overall": 5.229146480560303,
    "mean_rhat_overall": 2.4576804637908936
  }
}