{
  "W": {
    "max_rhat_per_factor": [
      4.862640857696533,
      4.186681747436523,
      2.9326698780059814,
      3.4922170639038086,
      3.2065789699554443
    ],
    "mean_rhat_per_factor": [
      2.063701868057251,
      1.7367559671401978,
      1.6410189867019653,
      1.60535728931427,
      1.9437918663024902
    ],
    "max_rhat_overall": 4.862640857696533,
    "mean_rhat_overall": 1.7981246709823608
  },
  "Z": {
    "max_rhat_per_factor": [
      6.058025360107422,
      3.1115403175354004,
      4.029098033905029,
      3.629176378250122,
      3.2400870323181152
    ],
    "mean_rhat_per_factor": [
      2.610865831375122,
      1.7978808879852295,
      2.0754404067993164,
      2.246080160140991,
      1.9212080240249634
    ],
    "max_rhat_overall": 6.058025360107422,
    "mean_rhat_overall": 2.1302952766418457
  }
}