{
  "W": {
    "max_rhat_per_factor": [
      1.7584062814712524,
      1.8053505420684814,
      1.8189901113510132,
      2.0749645233154297,
      1.9349722862243652
    ],
    "mean_rhat_per_factor": [
      1.2808393239974976,
      1.307752013206482,
      1.2193009853363037,
      1.3666521310806274,
      1.3816986083984375
    ],
    "max_rhat_overall": 2.0749645233154297,
    "mean_rhat_overall": 1.311248540878296
  },
  "Z": {
    "max_rhat_per_factor": [
      2.168333053588867,
      2.681997776031494,
      3.032411575317383,
      3.2136833667755127,
      2.6262266635894775
    ],
    "mean_rhat_per_factor": [
      1.3735698461532593,
      1.4450726509094238,
      1.770594596862793,
      1.6324492692947388,
      1.3346257209777832
    ],
    "max_rhat_overall": 3.2136833667755127,
    "mean_rhat_overall": 1.5112624168395996
  }
}