{
  "W": {
    "max_rhat_per_factor": [
      2.494513511657715,
      2.2060978412628174,
      2.1474318504333496,
      1.9852858781814575,
      2.1868133544921875,
      2.2603487968444824,
      2.4763739109039307,
      1.945679783821106,
      2.160141706466675,
      1.997629165649414,
      2.378528594970703,
      1.9893953800201416,
      2.160972833633423,
      2.3945226669311523,
      2.238291025161743,
      2.3006513118743896,
      2.8334269523620605,
      2.0073297023773193,
      2.1378400325775146,
      1.968253493309021,
      2.5576133728027344,
      2.1498618125915527,
      2.5472218990325928,
      1.9157332181930542,
      1.9153432846069336,
      1.9504384994506836,
      1.9730383157730103,
      2.1201529502868652,
      2.1465940475463867,
      2.358614921569824
    ],
    "mean_rhat_per_factor": [
      1.4135732650756836,
      1.1797360181808472,
      1.2095493078231812,
      1.2207978963851929,
      1.2704862356185913,
      1.1990978717803955,
      1.2539623975753784,
      1.2723139524459839,
      1.2515004873275757,
      1.2363094091415405,
      1.2677916288375854,
      1.2721185684204102,
      1.1886649131774902,
      1.2678922414779663,
      1.1561952829360962,
      1.3350342512130737,
      1.2809087038040161,
      1.2048859596252441,
      1.2984353303909302,
      1.1961352825164795,
      1.219813585281372,
      1.2614926099777222,
      1.2376927137374878,
      1.209611177444458,
      1.198218584060669,
      1.2742372751235962,
      1.2180668115615845,
      1.2299225330352783,
      1.2596122026443481,
      1.2506879568099976
    ],
    "max_rhat_overall": 2.8334269523620605,
    "mean_rhat_overall": 1.244491457939148
  },
  "Z": {
    "max_rhat_per_factor": [
      5.729032516479492,
      4.178452491760254,
      6.180966854095459,
      5.817061424255371,
      5.901751518249512,
      5.577449321746826,
      7.423734664916992,
      5.858287811279297,
      6.152338027954102,
      4.259149551391602,
      6.5144147872924805,
      7.194396495819092,
      4.801116466522217,
      6.771909236907959,
      5.844452857971191,
      9.255670547485352,
      4.521361827850342,
      6.66260290145874,
      5.531252861022949,
      4.678335189819336,
      7.169571399688721,
      8.476434707641602,
      4.99122428894043,
      5.038004398345947,
      5.2390055656433105,
      5.5755534172058105,
      5.1713762283325195,
      4.988613128662109,
      5.5802531242370605,
      6.0266242027282715
    ],
    "mean_rhat_per_factor": [
      2.7501726150512695,
      2.178520441055298,
      2.692955255508423,
      2.717756509780884,
      2.7209675312042236,
      2.6145474910736084,
      3.1209986209869385,
      3.0532712936401367,
      2.7797136306762695,
      2.224759340286255,
      2.777770757675171,
      3.6338768005371094,
      2.512047052383423,
      3.557389259338379,
      3.119231939315796,
      3.941462278366089,
      2.229360818862915,
      3.0135622024536133,
      2.1573193073272705,
      2.5275392532348633,
      3.440516710281372,
      3.809062957763672,
      2.4936420917510986,
      2.5027925968170166,
      2.6028800010681152,
      2.697045087814331,
      2.905142307281494,
      2.647270441055298,
      2.9955437183380127,
      2.743065118789673
    ],
    "max_rhat_overall": 9.255670547485352,
    "mean_rhat_overall": 2.8386728763580322
  }
}