{
  "chain_id": 2,
  "seed": 2042,
  "log_likelihood": -101695.703125,
  "convergence": true,
  "execution_time": 3654.4017419219017
}