{
  "chain_id": 1,
  "seed": 1042,
  "log_likelihood": -5462.40283203125,
  "convergence": true,
  "execution_time": 2435.419082224369
}