{
  "chain_id": 1,
  "seed": 1042,
  "log_likelihood": -212248.234375,
  "convergence": true,
  "execution_time": 52.152776658535004
}