{
  "W": {
    "max_rhat_per_factor": [
      5.556022644042969,
      16.516632080078125,
      25.384807586669922,
      5.154458522796631,
      51.69383239746094
    ],
    "mean_rhat_per_factor": [
      2.047738790512085,
      4.98848295211792,
      4.416007995605469,
      1.7261351346969604,
      10.343345642089844
    ],
    "max_rhat_overall": 51.69383239746094,
    "mean_rhat_overall": 4.704343318939209
  },
  "Z": {
    "max_rhat_per_factor": [
      92.63005065917969,
      21.784503936767578,
      3.6430838108062744,
      47.22915267944336,
      3.9777615070343018
    ],
    "mean_rhat_per_factor": [
      29.550979614257812,
      7.390116214752197,
      2.2587058544158936,
      15.988473892211914,
      2.7489049434661865
    ],
    "max_rhat_overall": 92.63005065917969,
    "mean_rhat_overall": 11.58743667602539
  },
  "W_aligned": {
    "max_rhat_per_factor": [
      Infinity,
      Infinity,
      Infinity,
      Infinity,
      Infinity
    ],
    "mean_rhat_per_factor": [
      Infinity,
      Infinity,
      Infinity,
      Infinity,
      Infinity
    ],
    "max_rhat_overall": Infinity,
    "mean_rhat_overall": Infinity,
    "convergence_rate": 0.0,
    "factor_match_rate": 0.0,
    "n_matched_factors": 0
  },
  "Z_aligned": {
    "max_rhat_per_factor": [
      Infinity,
      Infinity,
      Infinity,
      Infinity,
      Infinity
    ],
    "mean_rhat_per_factor": [
      Infinity,
      Infinity,
      Infinity,
      Infinity,
      Infinity
    ],
    "max_rhat_overall": Infinity,
    "mean_rhat_overall": Infinity,
    "convergence_rate": 0.0,
    "factor_match_rate": 0.0,
    "n_matched_factors": 0
  }
}