,Chain_0,Chain_1,Chain_2,Chain_3
Chain_0,0.0,0.49121291041374204,0.49345308253541587,0.37736003994941714
Chain_1,0.0,0.0,0.0,0.0
Chain_2,0.0,0.0,0.0,0.0
Chain_3,0.0,0.0,0.0,0.0
