ROI,Threshold,Voxels_Retained,Retention_Pct,Voxels_Removed,Variance_Ratio,Correlation_Preservation,Is_Elbow
volume_sn_voxels,2.0,35,1.9509476031215163,1759,0.9994872743808701,0.9999999999999998,True
volume_sn_voxels,2.5,329,18.338907469342253,1465,0.9895411748727849,1.0,True
volume_sn_voxels,3.0,850,47.38015607580825,944,0.9902282266846364,1.0,False
volume_sn_voxels,3.5,1249,69.62095875139353,545,0.9873960978450289,1.0,False
volume_sn_voxels,4.0,1484,82.72017837235228,310,0.9896711248431549,1.0,False
volume_sn_voxels,5.0,1645,91.69453734671126,149,0.9906419085980898,1.0,False
