{
  "chain_id": 2,
  "seed": 2042,
  "log_likelihood": -28244.8828125,
  "convergence": true,
  "execution_time": 2216.674849629402
}