{
  "chain_id": 1,
  "seed": 1042,
  "log_likelihood": -5043.62451171875,
  "convergence": true,
  "execution_time": 1689.9440897107124
}