{
  "chain_id": 3,
  "seed": 3042,
  "log_likelihood": -32259.8046875,
  "convergence": true,
  "execution_time": 2004.5836046338081
}