{
  "chain_id": 3,
  "seed": 3042,
  "log_likelihood": -28244.8828125,
  "convergence": true,
  "execution_time": 2216.674849629402
}