{
  "W": {
    "max_rhat_per_factor": [
      13.253321647644043,
      28.31157875061035,
      33.05826187133789,
      45.262481689453125,
      44.08636474609375
    ],
    "mean_rhat_per_factor": [
      2.6549999713897705,
      2.7236499786376953,
      2.7365293502807617,
      2.7991385459899902,
      2.879645586013794
    ],
    "max_rhat_overall": 45.262481689453125,
    "mean_rhat_overall": 2.7587924003601074
  },
  "Z": {
    "max_rhat_per_factor": [
      8.924834251403809,
      21.83319091796875,
      37.538639068603516,
      29.337190628051758,
      33.691490173339844
    ],
    "mean_rhat_per_factor": [
      6.718815326690674,
      17.039731979370117,
      29.931251525878906,
      22.962400436401367,
      25.576032638549805
    ],
    "max_rhat_overall": 37.538639068603516,
    "mean_rhat_overall": 20.445648193359375
  },
  "W_aligned": {
    "max_rhat_per_factor": [
      13.253321647644043,
      28.31157875061035,
      33.05826187133789,
      45.262481689453125,
      193.52627563476562
    ],
    "mean_rhat_per_factor": [
      2.6549999713897705,
      2.7236499786376953,
      2.7365293502807617,
      2.7991385459899902,
      59.407432556152344
    ],
    "max_rhat_overall": 193.52627563476562,
    "mean_rhat_overall": 14.064356803894043,
    "convergence_rate": 0.0
  },
  "Z_aligned": {
    "max_rhat_per_factor": [
      8.924834251403809,
      21.83319091796875,
      37.538639068603516,
      29.337190628051758,
      105.914794921875
    ],
    "mean_rhat_per_factor": [
      6.718815326690674,
      17.039731979370117,
      29.931251525878906,
      22.962400436401367,
      81.65324401855469
    ],
    "max_rhat_overall": 105.914794921875,
    "mean_rhat_overall": 31.661094665527344,
    "convergence_rate": 0.0
  }
}