,Chain_0,Chain_1,Chain_2,Chain_3
Chain_0,0.0,0.9966656565666199,0.9459457159042358,0.9959417104721069
Chain_1,0.0,0.0,0.0,0.0
Chain_2,0.0,0.0,0.0,0.0
Chain_3,0.0,0.0,0.0,0.0
