{
  "W": {
    "max_rhat_per_factor": [
      9.933395385742188,
      15.205683708190918
    ],
    "mean_rhat_per_factor": [
      4.907011985778809,
      5.407323837280273
    ],
    "max_rhat_overall": 15.205683708190918,
    "mean_rhat_overall": 5.157167434692383
  },
  "Z": {
    "max_rhat_per_factor": [
      4.810674667358398,
      7.483043670654297
    ],
    "mean_rhat_per_factor": [
      2.9531033039093018,
      3.522366523742676
    ],
    "max_rhat_overall": 7.483043670654297,
    "mean_rhat_overall": 3.237734794616699
  }
}