{
  "W": {
    "max_rhat_per_factor": [
      2.1143369674682617,
      2.2478346824645996
    ],
    "mean_rhat_per_factor": [
      1.1250529289245605,
      1.1083251237869263
    ],
    "max_rhat_overall": 2.2478346824645996,
    "mean_rhat_overall": 1.1166890859603882
  },
  "Z": {
    "max_rhat_per_factor": [
      4.162353992462158,
      2.176640510559082
    ],
    "mean_rhat_per_factor": [
      2.001250743865967,
      1.3793483972549438
    ],
    "max_rhat_overall": 4.162353992462158,
    "mean_rhat_overall": 1.6902996301651
  }
}