{
  "W": {
    "max_rhat_per_factor": [
      1.945971131324768,
      2.3510701656341553,
      1.5636357069015503,
      1.623856782913208,
      1.9133647680282593
    ],
    "mean_rhat_per_factor": [
      1.314290165901184,
      1.2230041027069092,
      1.1702500581741333,
      1.285653829574585,
      1.1904438734054565
    ],
    "max_rhat_overall": 2.3510701656341553,
    "mean_rhat_overall": 1.236728549003601
  },
  "Z": {
    "max_rhat_per_factor": [
      2.6536736488342285,
      2.880429744720459,
      2.3115434646606445,
      2.2110650539398193,
      2.826650857925415
    ],
    "mean_rhat_per_factor": [
      1.447591781616211,
      1.6263837814331055,
      1.3354419469833374,
      1.4792650938034058,
      1.4098424911499023
    ],
    "max_rhat_overall": 2.880429744720459,
    "mean_rhat_overall": 1.459705114364624
  }
}