,Chain_0,Chain_1,Chain_2,Chain_3
Chain_0,0.0,0.9998274743556976,0.9998576939105988,0.999760627746582
Chain_1,0.0,0.0,0.0,0.0
Chain_2,0.0,0.0,0.0,0.0
Chain_3,0.0,0.0,0.0,0.0
