{
  "W": {
    "max_rhat_per_factor": [
      2.2284932136535645,
      2.576646327972412,
      2.3013899326324463,
      2.308671712875366,
      1.9119704961776733,
      2.145719528198242,
      2.286712169647217,
      2.072120189666748,
      2.248443603515625,
      2.222275972366333,
      2.329738140106201,
      2.9208567142486572,
      2.702667474746704,
      2.0914158821105957,
      2.3078835010528564,
      2.214165687561035,
      2.219830274581909,
      2.293138027191162,
      2.193948745727539,
      2.428838014602661,
      2.283212423324585,
      2.20600962638855,
      2.168334484100342,
      2.023488998413086,
      2.4897232055664062,
      2.2706239223480225,
      2.2072689533233643,
      2.3009462356567383,
      2.4702389240264893,
      2.237523078918457,
      2.4212124347686768,
      2.3371081352233887,
      2.3535609245300293,
      2.614591121673584,
      2.120501756668091,
      2.1649465560913086,
      2.5655088424682617,
      2.2066519260406494,
      2.516277313232422,
      2.2493956089019775,
      2.27001690864563,
      3.34295392036438,
      2.302183151245117,
      2.4731428623199463,
      2.2186696529388428,
      2.4781928062438965,
      2.515221357345581,
      2.7423579692840576,
      2.2483177185058594,
      2.5593252182006836
    ],
    "mean_rhat_per_factor": [
      1.2207255363464355,
      1.1967291831970215,
      1.2415237426757812,
      1.2527493238449097,
      1.183550238609314,
      1.1761291027069092,
      1.3127532005310059,
      1.250601887702942,
      1.2616595029830933,
      1.2281880378723145,
      1.3691624402999878,
      1.210092544555664,
      1.2706427574157715,
      1.2284682989120483,
      1.264025330543518,
      1.2930606603622437,
      1.2294410467147827,
      1.3132914304733276,
      1.2159879207611084,
      1.2250068187713623,
      1.2848330736160278,
      1.2669793367385864,
      1.28896963596344,
      1.2341845035552979,
      1.3697481155395508,
      1.260803461074829,
      1.188354730606079,
      1.287785530090332,
      1.3036329746246338,
      1.2095507383346558,
      1.2276219129562378,
      1.270706057548523,
      1.2024736404418945,
      1.337834358215332,
      1.2318817377090454,
      1.3001724481582642,
      1.2645180225372314,
      1.2112689018249512,
      1.2393944263458252,
      1.2751152515411377,
      1.218950629234314,
      1.2550257444381714,
      1.2129846811294556,
      1.3083951473236084,
      1.336742877960205,
      1.3083871603012085,
      1.298341155052185,
      1.2846471071243286,
      1.3089706897735596,
      1.2386610507965088
    ],
    "max_rhat_overall": 3.34295392036438,
    "mean_rhat_overall": 1.2594143152236938
  },
  "Z": {
    "max_rhat_per_factor": [
      3.8155698776245117,
      4.411240100860596,
      4.133040428161621,
      5.506243705749512,
      3.5609230995178223,
      3.9844348430633545,
      5.810245990753174,
      6.0238752365112305,
      6.546550750732422,
      4.3902411460876465,
      12.128217697143555,
      6.288601398468018,
      7.740979194641113,
      3.855811834335327,
      4.928001403808594,
      3.671544075012207,
      5.025698184967041,
      4.548603534698486,
      4.303447246551514,
      7.007702350616455,
      5.730817794799805,
      6.311661720275879,
      6.468761920928955,
      4.251131057739258,
      6.995240211486816,
      5.642088413238525,
      4.514816761016846,
      4.542883396148682,
      7.544556617736816,
      5.5574727058410645,
      5.000983715057373,
      3.5084996223449707,
      5.713009357452393,
      4.237943649291992,
      5.120884895324707,
      5.0901198387146,
      4.693575859069824,
      5.046112060546875,
      4.881667613983154,
      5.180497169494629,
      3.678767681121826,
      4.747868061065674,
      5.121105194091797,
      8.537598609924316,
      7.31278133392334,
      4.198064804077148,
      6.00574254989624,
      6.185216426849365,
      5.349084377288818,
      5.565761089324951
    ],
    "mean_rhat_per_factor": [
      2.1910400390625,
      2.313674211502075,
      2.3640494346618652,
      2.5918283462524414,
      2.0113425254821777,
      2.162182569503784,
      2.990903377532959,
      2.3116934299468994,
      2.9215104579925537,
      2.2578301429748535,
      4.080524444580078,
      2.44858717918396,
      2.749997615814209,
      2.1275436878204346,
      2.577505111694336,
      2.1456918716430664,
      2.2868683338165283,
      2.4668984413146973,
      2.0353806018829346,
      3.2481422424316406,
      2.6815710067749023,
      2.7471282482147217,
      2.8500804901123047,
      2.201172351837158,
      3.226393222808838,
      2.5407679080963135,
      2.2106993198394775,
      2.2022340297698975,
      3.5305023193359375,
      2.6278536319732666,
      2.553680658340454,
      1.9544901847839355,
      2.5340840816497803,
      2.3536970615386963,
      2.461299180984497,
      2.5903944969177246,
      2.3870139122009277,
      2.7868123054504395,
      2.4362332820892334,
      2.375486373901367,
      1.8126929998397827,
      2.4529199600219727,
      2.703277826309204,
      3.9932336807250977,
      3.043562889099121,
      2.0723659992218018,
      3.20920729637146,
      2.824890375137329,
      3.0716514587402344,
      2.6007192134857178
    ],
    "max_rhat_overall": 12.128217697143555,
    "mean_rhat_overall": 2.586386203765869
  }
}