{
  "W": {
    "max_rhat_per_factor": [
      4.258768081665039,
      5.005477428436279,
      3.4320220947265625,
      3.377702474594116,
      4.968222141265869,
      4.40519905090332,
      2.726458787918091,
      1.546729564666748,
      2.9560561180114746,
      3.8365299701690674,
      2.1500771045684814,
      3.325348138809204
    ],
    "mean_rhat_per_factor": [
      1.5841021537780762,
      1.9863206148147583,
      2.0434792041778564,
      2.109720230102539,
      1.8918771743774414,
      2.634925603866577,
      1.867600440979004,
      1.1528031826019287,
      1.6249686479568481,
      2.382493257522583,
      1.4694308042526245,
      2.0458109378814697
    ],
    "max_rhat_overall": 5.005477428436279,
    "mean_rhat_overall": 1.8994605541229248
  },
  "Z": {
    "max_rhat_per_factor": [
      5.092257976531982,
      4.539565086364746,
      4.613597393035889,
      4.9001336097717285,
      4.902510643005371,
      4.932374954223633,
      4.517129898071289,
      4.753320693969727,
      6.123271942138672,
      7.330738544464111,
      5.016761302947998,
      6.282651901245117
    ],
    "mean_rhat_per_factor": [
      2.8665554523468018,
      2.948974609375,
      3.409607172012329,
      3.616363763809204,
      3.335846185684204,
      3.342881202697754,
      3.255544662475586,
      3.900486707687378,
      3.655921459197998,
      3.811277151107788,
      3.399845838546753,
      4.214166164398193
    ],
    "max_rhat_overall": 7.330738544464111,
    "mean_rhat_overall": 3.4797892570495605
  },
  "W_aligned": {
    "max_rhat_per_factor": [
      4.368518352508545,
      2.0971226692199707,
      3.981682538986206,
      7.499533653259277,
      4.966662883758545,
      5.403953552246094,
      2.7885828018188477,
      3.190066337585449,
      3.218576431274414,
      4.211754322052002,
      2.2338624000549316,
      3.312530994415283
    ],
    "mean_rhat_per_factor": [
      1.6445201635360718,
      1.260524868965149,
      2.3935036659240723,
      4.977167129516602,
      1.888321042060852,
      3.209594964981079,
      1.7433719635009766,
      1.9281388521194458,
      1.8234806060791016,
      2.5108883380889893,
      1.493822455406189,
      2.100724458694458
    ],
    "max_rhat_overall": 7.499533653259277,
    "mean_rhat_overall": 2.247838020324707,
    "convergence_rate": 0.14523414454277286
  },
  "Z_aligned": {
    "max_rhat_per_factor": [
      4.514299392700195,
      3.5375640392303467,
      4.373037815093994,
      8.232806205749512,
      5.386131286621094,
      5.644638538360596,
      3.630187511444092,
      3.4799695014953613,
      3.7036547660827637,
      4.392825603485107,
      2.711146831512451,
      3.395214319229126
    ],
    "mean_rhat_per_factor": [
      2.6518774032592773,
      2.804692506790161,
      3.075413465499878,
      6.419548034667969,
      3.7375009059906006,
      4.115584850311279,
      2.5970754623413086,
      2.4972593784332275,
      2.357635259628296,
      3.491140365600586,
      1.9891369342803955,
      2.673858165740967
    ],
    "max_rhat_overall": 8.232806205749512,
    "mean_rhat_overall": 3.2008934020996094,
    "convergence_rate": 0.020348837209302327
  }
}