,Chain_0,Chain_1,Chain_2,Chain_3
Chain_0,0.0,0.4854051098227501,0.5090217255055904,0.5966889162858328
Chain_1,0.0,0.0,0.0,0.0
Chain_2,0.0,0.0,0.0,0.0
Chain_3,0.0,0.0,0.0,0.0
