{
  "chain_id": 1,
  "seed": 1042,
  "log_likelihood": -101695.703125,
  "convergence": true,
  "execution_time": 3654.4017419219017
}