{
  "chain_id": 3,
  "seed": 3042,
  "log_likelihood": -51085.70703125,
  "convergence": true,
  "execution_time": 1616.3694295883179
}