{
  "chain_id": 1,
  "seed": 1042,
  "log_likelihood": -87948.53125,
  "convergence": true,
  "execution_time": 5708.567745268345
}