{
  "W": {
    "max_rhat_per_factor": [
      11.509825706481934,
      11.718367576599121
    ],
    "mean_rhat_per_factor": [
      10.296768188476562,
      9.851860046386719
    ],
    "max_rhat_overall": 11.718367576599121,
    "mean_rhat_overall": 10.07431411743164
  },
  "Z": {
    "max_rhat_per_factor": [
      7.430775165557861,
      2.8387036323547363
    ],
    "mean_rhat_per_factor": [
      7.124505996704102,
      2.7623822689056396
    ],
    "max_rhat_overall": 7.430775165557861,
    "mean_rhat_overall": 4.943443298339844
  }
}