,Chain_0,Chain_1,Chain_2,Chain_3
Chain_0,0.0,0.9999562799930573,0.9999614059925079,0.9999575912952423
Chain_1,0.0,0.0,0.0,0.0
Chain_2,0.0,0.0,0.0,0.0
Chain_3,0.0,0.0,0.0,0.0
