{
  "W": {
    "max_rhat_per_factor": [
      20.982595443725586,
      34.162925720214844,
      34.338226318359375,
      36.159812927246094,
      43.096435546875,
      35.07978820800781,
      34.147796630859375,
      43.30988693237305
    ],
    "mean_rhat_per_factor": [
      7.898894786834717,
      8.569089889526367,
      8.943100929260254,
      9.133124351501465,
      8.622414588928223,
      9.01247501373291,
      8.74339771270752,
      9.264814376831055
    ],
    "max_rhat_overall": 43.30988693237305,
    "mean_rhat_overall": 8.77341365814209
  },
  "Z": {
    "max_rhat_per_factor": [
      21.306467056274414,
      24.139591217041016,
      22.81424331665039,
      25.92037582397461,
      29.14404296875,
      26.110437393188477,
      23.089534759521484,
      21.30778694152832
    ],
    "mean_rhat_per_factor": [
      12.222650527954102,
      12.008783340454102,
      11.511618614196777,
      12.863481521606445,
      11.595768928527832,
      12.434614181518555,
      10.636195182800293,
      10.901261329650879
    ],
    "max_rhat_overall": 29.14404296875,
    "mean_rhat_overall": 11.771796226501465
  }
}