,Chain_0,Chain_1,Chain_2,Chain_3
Chain_0,0.0,0.9966391772031784,0.9966952204704285,0.9719068929553032
Chain_1,0.0,0.0,0.0,0.0
Chain_2,0.0,0.0,0.0,0.0
Chain_3,0.0,0.0,0.0,0.0
