{
  "chain_id": 1,
  "seed": 1042,
  "log_likelihood": -48812.99609375,
  "convergence": true,
  "execution_time": 3759.4226455688477
}