{
  "W": {
    "max_rhat_per_factor": [
      2.275113821029663,
      2.394305467605591,
      2.1415040493011475,
      2.1952719688415527,
      2.7944624423980713,
      2.0608792304992676,
      2.4176909923553467,
      2.345329761505127,
      2.1482744216918945,
      2.28361439704895,
      2.3631999492645264,
      2.6543428897857666,
      2.420255422592163,
      2.1100096702575684,
      2.3658945560455322,
      2.653144598007202,
      2.2190041542053223,
      2.4474925994873047,
      2.6244592666625977,
      2.286259412765503,
      2.000525712966919,
      2.3388571739196777,
      2.006631851196289,
      2.4561820030212402,
      2.324566125869751,
      2.530651092529297,
      2.431769847869873,
      2.1498897075653076,
      2.277132034301758,
      2.182805299758911
    ],
    "mean_rhat_per_factor": [
      1.2773239612579346,
      1.2857378721237183,
      1.2989237308502197,
      1.2465788125991821,
      1.2551698684692383,
      1.3261860609054565,
      1.2596241235733032,
      1.3700604438781738,
      1.3181655406951904,
      1.265543818473816,
      1.2661720514297485,
      1.2815473079681396,
      1.2879303693771362,
      1.323250651359558,
      1.2922757863998413,
      1.2438541650772095,
      1.300246000289917,
      1.3470385074615479,
      1.2779954671859741,
      1.2928932905197144,
      1.2279860973358154,
      1.2361161708831787,
      1.2478364706039429,
      1.340516448020935,
      1.2870612144470215,
      1.2692830562591553,
      1.3078283071517944,
      1.2897967100143433,
      1.2722361087799072,
      1.2294790744781494
    ],
    "max_rhat_overall": 2.7944624423980713,
    "mean_rhat_overall": 1.2841553688049316
  },
  "Z": {
    "max_rhat_per_factor": [
      4.188977241516113,
      6.850572109222412,
      5.646351337432861,
      5.510918140411377,
      7.153563499450684,
      4.348788261413574,
      6.605051040649414,
      5.341324329376221,
      6.616884708404541,
      4.8397111892700195,
      8.529019355773926,
      8.435420036315918,
      7.622122287750244,
      5.903895378112793,
      7.04281759262085,
      5.65637731552124,
      9.510994911193848,
      11.534870147705078,
      8.493217468261719,
      5.967986106872559,
      5.500049114227295,
      5.587366104125977,
      4.456474781036377,
      4.953577041625977,
      10.097867965698242,
      11.763374328613281,
      6.001819133758545,
      6.414265155792236,
      10.581502914428711,
      8.14486312866211
    ],
    "mean_rhat_per_factor": [
      2.241429567337036,
      3.5267996788024902,
      2.7963221073150635,
      2.5947649478912354,
      3.2313027381896973,
      2.257387161254883,
      3.049591064453125,
      2.799541473388672,
      3.107517719268799,
      2.533740997314453,
      3.6426873207092285,
      3.822208881378174,
      3.2251710891723633,
      2.94368839263916,
      3.185443878173828,
      3.1830482482910156,
      4.327380657196045,
      5.3395586013793945,
      3.729304552078247,
      3.5213937759399414,
      2.9444119930267334,
      2.525988817214966,
      2.467837333679199,
      2.649559497833252,
      4.099000930786133,
      4.453101634979248,
      2.6465399265289307,
      3.4356679916381836,
      4.144098281860352,
      3.656728744506836
    ],
    "max_rhat_overall": 11.763374328613281,
    "mean_rhat_overall": 3.269373893737793
  }
}