{
  "chain_id": 3,
  "seed": 3042,
  "log_likelihood": -212248.234375,
  "convergence": true,
  "execution_time": 52.313675701618195
}