{
  "chain_id": 0,
  "seed": 42,
  "log_likelihood": -32259.8046875,
  "convergence": true,
  "execution_time": 2004.5836046338081
}