,Chain_0,Chain_1,Chain_2,Chain_3
Chain_0,0.0,0.9997421503067017,0.9997458755970001,0.9997649192810059
Chain_1,0.0,0.0,0.0,0.0
Chain_2,0.0,0.0,0.0,0.0
Chain_3,0.0,0.0,0.0,0.0
