{
  "chain_id": 2,
  "seed": 2042,
  "log_likelihood": -212248.234375,
  "convergence": true,
  "execution_time": 52.152776658535004
}