{
  "W": {
    "max_rhat_per_factor": [
      80.05977630615234,
      90.02960968017578,
      94.7774429321289,
      99.6335220336914,
      105.7718276977539,
      93.80795288085938,
      88.08716583251953,
      107.87628936767578,
      86.68014526367188,
      114.8550796508789,
      101.70297241210938,
      92.11476135253906,
      103.32328033447266,
      103.08101654052734,
      105.71952819824219,
      94.69037628173828,
      99.64078521728516,
      94.77961730957031,
      104.0445327758789,
      104.1727294921875
    ],
    "mean_rhat_per_factor": [
      32.778839111328125,
      29.24734115600586,
      29.846572875976562,
      30.368751525878906,
      29.672901153564453,
      28.499109268188477,
      29.044015884399414,
      30.392784118652344,
      29.718908309936523,
      31.118783950805664,
      30.569698333740234,
      29.04430389404297,
      30.4916934967041,
      30.675506591796875,
      31.026174545288086,
      31.698490142822266,
      31.452678680419922,
      30.424997329711914,
      29.590896606445312,
      31.160791397094727
    ],
    "max_rhat_overall": 114.8550796508789,
    "mean_rhat_overall": 30.341161727905273
  },
  "Z": {
    "max_rhat_per_factor": [
      45.58857345581055,
      24.661884307861328,
      36.99808120727539,
      29.311965942382812,
      36.882293701171875,
      34.09067153930664,
      44.57366180419922,
      30.728885650634766,
      32.83247756958008,
      36.124507904052734,
      36.05642318725586,
      30.772489547729492,
      32.80351257324219,
      62.143856048583984,
      34.66223907470703,
      116.5347671508789,
      41.45103454589844,
      56.25233459472656,
      303.55224609375,
      478.1702575683594
    ],
    "mean_rhat_per_factor": [
      27.08980941772461,
      8.78641128540039,
      13.604379653930664,
      8.428650856018066,
      23.817411422729492,
      14.799320220947266,
      21.57179069519043,
      16.367401123046875,
      14.775982856750488,
      14.411940574645996,
      13.54587459564209,
      17.59125518798828,
      18.514368057250977,
      14.476542472839355,
      11.606250762939453,
      17.54112434387207,
      9.638761520385742,
      6.605356693267822,
      52.247196197509766,
      40.21982955932617
    ],
    "max_rhat_overall": 478.1702575683594,
    "mean_rhat_overall": 18.281984329223633
  }
}