,Chain_0,Chain_1,Chain_2,Chain_3
Chain_0,0.0,0.9942533314228058,0.9988548964262008,0.9927720248699188
Chain_1,0.0,0.0,0.0,0.0
Chain_2,0.0,0.0,0.0,0.0
Chain_3,0.0,0.0,0.0,0.0
