{
  "W": {
    "max_rhat_per_factor": [
      36.738319396972656,
      65.11027526855469,
      50.639530181884766,
      42.758235931396484,
      39.722469329833984,
      52.07099914550781,
      63.83141326904297,
      45.06664276123047,
      69.95194244384766,
      114.23124694824219,
      47.73101043701172,
      77.71170043945312,
      91.19253540039062,
      52.35311508178711,
      63.76082229614258,
      67.11636352539062,
      87.31568145751953,
      66.81783294677734,
      82.6133804321289,
      82.439453125,
      104.97795104980469,
      89.59028625488281,
      82.51949310302734,
      69.76895141601562,
      67.92029571533203,
      95.56148529052734,
      71.25255584716797,
      103.14669036865234,
      95.18766021728516,
      88.92256927490234,
      86.50765228271484,
      102.07128143310547,
      92.9637680053711,
      127.35064697265625,
      82.7798080444336,
      118.3492431640625,
      97.30899047851562,
      106.1529541015625,
      109.58765411376953,
      100.23453521728516,
      114.04596710205078,
      135.2216339111328,
      118.66478729248047,
      118.90924072265625,
      120.14006805419922,
      132.89109802246094,
      125.99077606201172,
      121.79424285888672,
      120.25955963134766,
      117.62531280517578
    ],
    "mean_rhat_per_factor": [
      18.65879249572754,
      15.101194381713867,
      14.870979309082031,
      14.16040325164795,
      14.723822593688965,
      15.37066650390625,
      15.286031723022461,
      15.188875198364258,
      15.511079788208008,
      16.467927932739258,
      16.601057052612305,
      17.052181243896484,
      17.23918914794922,
      18.45326805114746,
      18.44637107849121,
      18.579965591430664,
      19.819515228271484,
      20.94664764404297,
      21.888534545898438,
      22.213037490844727,
      22.11674690246582,
      24.010988235473633,
      23.47665786743164,
      22.997173309326172,
      23.119474411010742,
      24.421117782592773,
      23.918773651123047,
      26.338470458984375,
      25.455829620361328,
      25.24224090576172,
      26.11661148071289,
      26.36935806274414,
      28.492326736450195,
      28.76506805419922,
      29.2539005279541,
      29.010683059692383,
      30.66058921813965,
      29.540407180786133,
      30.265417098999023,
      30.150184631347656,
      31.579925537109375,
      31.82408332824707,
      30.880807876586914,
      32.2701416015625,
      34.76118087768555,
      32.29069519042969,
      33.24848937988281,
      33.223167419433594,
      33.530670166015625,
      33.263267517089844
    ],
    "max_rhat_overall": 135.2216339111328,
    "mean_rhat_overall": 24.06348419189453
  },
  "Z": {
    "max_rhat_per_factor": [
      109.99877166748047,
      80.67684936523438,
      82.02489471435547,
      98.88502502441406,
      80.27674865722656,
      86.98666381835938,
      79.30654907226562,
      71.17159271240234,
      127.97742462158203,
      100.083251953125,
      71.25917053222656,
      83.50764465332031,
      91.02601623535156,
      80.7727279663086,
      89.15814971923828,
      72.32910919189453,
      99.49430847167969,
      88.93148803710938,
      78.22023010253906,
      125.60305786132812,
      142.64170837402344,
      85.19113159179688,
      148.2653350830078,
      140.00318908691406,
      83.21430206298828,
      72.58375549316406,
      67.79200744628906,
      64.66476440429688,
      200.76455688476562,
      89.86432647705078,
      86.9300765991211,
      79.99229431152344,
      79.5931396484375,
      92.59327697753906,
      102.14064025878906,
      95.26861572265625,
      67.90802001953125,
      73.82766723632812,
      79.64627075195312,
      86.16522216796875,
      131.626220703125,
      82.83660125732422,
      84.26224517822266,
      94.62017822265625,
      99.3833999633789,
      86.61814880371094,
      97.98384857177734,
      78.40750885009766,
      85.70767211914062,
      76.22232818603516
    ],
    "mean_rhat_per_factor": [
      57.686771392822266,
      45.00615692138672,
      43.48847579956055,
      41.853755950927734,
      43.04273986816406,
      39.11534881591797,
      36.98774337768555,
      37.62251663208008,
      37.29173278808594,
      36.722816467285156,
      38.03792953491211,
      37.52064895629883,
      31.955501556396484,
      38.030494689941406,
      33.23088073730469,
      32.40350341796875,
      31.963891983032227,
      34.87324142456055,
      35.210426330566406,
      40.09349060058594,
      38.42782974243164,
      40.03557586669922,
      33.102474212646484,
      30.427444458007812,
      32.97468185424805,
      33.69619369506836,
      25.092395782470703,
      32.16745376586914,
      43.308380126953125,
      30.75617218017578,
      32.92498779296875,
      27.21687889099121,
      31.10059356689453,
      33.95517349243164,
      35.017616271972656,
      34.65543746948242,
      34.21969223022461,
      29.80350112915039,
      28.646047592163086,
      33.222530364990234,
      38.48032760620117,
      31.57459831237793,
      31.90400505065918,
      31.2453670501709,
      38.307716369628906,
      31.497365951538086,
      33.64081954956055,
      32.935943603515625,
      36.04553985595703,
      27.130720138549805
    ],
    "max_rhat_overall": 200.76455688476562,
    "mean_rhat_overall": 35.31303024291992
  }
}