,Chain_0,Chain_1,Chain_2,Chain_3
Chain_0,0.0,0.9748809123039246,0.9361180424690246,0.9473772096633911
Chain_1,0.0,0.0,0.0,0.0
Chain_2,0.0,0.0,0.0,0.0
Chain_3,0.0,0.0,0.0,0.0
