{
  "W": {
    "max_rhat_per_factor": [
      55.163124084472656,
      60.62674331665039,
      53.656463623046875,
      71.15210723876953,
      77.52001953125,
      74.36195373535156,
      84.3309326171875,
      69.17694854736328,
      83.84748077392578,
      87.25473022460938
    ],
    "mean_rhat_per_factor": [
      7.687324523925781,
      8.356325149536133,
      8.489768028259277,
      8.377999305725098,
      8.890722274780273,
      8.682843208312988,
      8.639846801757812,
      8.853975296020508,
      8.64891529083252,
      8.617609024047852
    ],
    "max_rhat_overall": 87.25473022460938,
    "mean_rhat_overall": 8.5245361328125
  },
  "Z": {
    "max_rhat_per_factor": [
      20.673818588256836,
      23.27204704284668,
      21.915546417236328,
      20.57063865661621,
      25.599761962890625,
      20.803768157958984,
      16.93462562561035,
      23.341089248657227,
      29.278427124023438,
      31.53606414794922
    ],
    "mean_rhat_per_factor": [
      9.507290840148926,
      9.953728675842285,
      9.984996795654297,
      7.942875862121582,
      9.36105728149414,
      11.103530883789062,
      7.5243353843688965,
      8.947427749633789,
      9.107574462890625,
      9.105674743652344
    ],
    "max_rhat_overall": 31.53606414794922,
    "mean_rhat_overall": 9.253849029541016
  }
}