,Chain_0,Chain_1,Chain_2,Chain_3
Chain_0,0.0,0.9749082386493683,0.9955207586288453,0.9945375025272369
Chain_1,0.0,0.0,0.0,0.0
Chain_2,0.0,0.0,0.0,0.0
Chain_3,0.0,0.0,0.0,0.0
