{
  "W": {
    "max_rhat_per_factor": [
      2.241485357284546,
      2.3124701976776123
    ],
    "mean_rhat_per_factor": [
      1.323244333267212,
      1.255563735961914
    ],
    "max_rhat_overall": 2.3124701976776123,
    "mean_rhat_overall": 1.289404034614563
  },
  "Z": {
    "max_rhat_per_factor": [
      3.5718483924865723,
      3.573664665222168
    ],
    "mean_rhat_per_factor": [
      1.5525301694869995,
      1.751901626586914
    ],
    "max_rhat_overall": 3.573664665222168,
    "mean_rhat_overall": 1.6522163152694702
  }
}