{
  "W": {
    "max_rhat_per_factor": [
      27.09788703918457,
      27.475910186767578
    ],
    "mean_rhat_per_factor": [
      16.281530380249023,
      13.70988655090332
    ],
    "max_rhat_overall": 27.475910186767578,
    "mean_rhat_overall": 14.995713233947754
  },
  "Z": {
    "max_rhat_per_factor": [
      21.187238693237305,
      16.613374710083008
    ],
    "mean_rhat_per_factor": [
      16.985271453857422,
      13.130097389221191
    ],
    "max_rhat_overall": 21.187238693237305,
    "mean_rhat_overall": 15.057684898376465
  }
}