,Chain_0,Chain_1,Chain_2,Chain_3
Chain_0,0.0,0.9997876882553101,0.999825119972229,0.9998273551464081
Chain_1,0.0,0.0,0.0,0.0
Chain_2,0.0,0.0,0.0,0.0
Chain_3,0.0,0.0,0.0,0.0
