{
  "W": {
    "max_rhat_per_factor": [
      56.0074462890625,
      55.85890579223633
    ],
    "mean_rhat_per_factor": [
      32.30952453613281,
      25.7304744720459
    ],
    "max_rhat_overall": 56.0074462890625,
    "mean_rhat_overall": 29.020004272460938
  },
  "Z": {
    "max_rhat_per_factor": [
      25.393674850463867,
      16.09900665283203
    ],
    "mean_rhat_per_factor": [
      18.235240936279297,
      13.401873588562012
    ],
    "max_rhat_overall": 25.393674850463867,
    "mean_rhat_overall": 15.818557739257812
  }
}