,Chain_0,Chain_1,Chain_2,Chain_3
Chain_0,0.0,0.9998664259910583,0.9998171329498291,0.9998498260974884
Chain_1,0.0,0.0,0.0,0.0
Chain_2,0.0,0.0,0.0,0.0
Chain_3,0.0,0.0,0.0,0.0
