{
  "W": {
    "max_rhat_per_factor": [
      2.2063779830932617,
      2.9908783435821533,
      2.5142078399658203,
      2.684542417526245,
      3.288881778717041,
      2.747377872467041,
      2.504892349243164,
      2.627777099609375,
      2.568814992904663,
      2.9411873817443848,
      3.183389663696289,
      2.6201107501983643,
      2.305284023284912,
      2.657123565673828,
      2.347201108932495,
      2.660806655883789,
      2.5695972442626953,
      2.598090171813965,
      2.7256252765655518,
      2.654278516769409,
      2.526078462600708,
      3.4290051460266113,
      2.4958581924438477,
      2.7166593074798584,
      2.3666553497314453,
      3.156153917312622,
      3.3478047847747803,
      2.7253410816192627,
      2.978985071182251,
      2.950404167175293,
      2.7458088397979736,
      3.1618001461029053,
      3.059549331665039,
      2.9007720947265625,
      3.4909350872039795,
      2.7655553817749023,
      2.6798934936523438,
      2.2976696491241455,
      2.5650634765625,
      2.299027442932129,
      2.7660956382751465,
      2.694591760635376,
      3.0327186584472656,
      2.8656458854675293,
      2.680922031402588,
      2.6353399753570557,
      2.929020643234253,
      2.3916449546813965,
      2.788661241531372,
      2.7322351932525635
    ],
    "mean_rhat_per_factor": [
      1.3352030515670776,
      1.4479814767837524,
      1.3263235092163086,
      1.4091696739196777,
      1.3508952856063843,
      1.267454981803894,
      1.2933696508407593,
      1.3539255857467651,
      1.3161159753799438,
      1.3940801620483398,
      1.3112409114837646,
      1.3736205101013184,
      1.2608989477157593,
      1.2770636081695557,
      1.3883341550827026,
      1.3703700304031372,
      1.314211130142212,
      1.348512887954712,
      1.334438443183899,
      1.385656714439392,
      1.4008089303970337,
      1.4415364265441895,
      1.3639625310897827,
      1.3733205795288086,
      1.3413761854171753,
      1.3624064922332764,
      1.403742790222168,
      1.3638246059417725,
      1.3300831317901611,
      1.338813304901123,
      1.3363896608352661,
      1.3567157983779907,
      1.3332399129867554,
      1.422555685043335,
      1.3660892248153687,
      1.3338229656219482,
      1.3694977760314941,
      1.3898940086364746,
      1.4216383695602417,
      1.3418718576431274,
      1.4332129955291748,
      1.3167668581008911,
      1.2798447608947754,
      1.3115209341049194,
      1.3419690132141113,
      1.357900619506836,
      1.3545615673065186,
      1.282486081123352,
      1.4426122903823853,
      1.3414989709854126
    ],
    "max_rhat_overall": 3.4909350872039795,
    "mean_rhat_overall": 1.354256510734558
  },
  "Z": {
    "max_rhat_per_factor": [
      4.928746223449707,
      7.322404861450195,
      5.102921485900879,
      7.685032367706299,
      6.664462566375732,
      3.7864224910736084,
      3.185835123062134,
      5.334670543670654,
      6.41802453994751,
      6.471978187561035,
      5.901862144470215,
      4.5380048751831055,
      5.111071586608887,
      5.676739692687988,
      5.751389503479004,
      6.3848419189453125,
      6.124578475952148,
      4.35089635848999,
      4.86166524887085,
      6.142850875854492,
      5.73576545715332,
      8.428049087524414,
      5.776506423950195,
      5.667463779449463,
      4.216511249542236,
      6.847678184509277,
      5.548158645629883,
      5.870899677276611,
      5.343667030334473,
      4.416899681091309,
      5.698697090148926,
      7.0382771492004395,
      4.755058288574219,
      6.753501892089844,
      5.250489234924316,
      3.663475275039673,
      4.017914295196533,
      5.42948579788208,
      8.277060508728027,
      5.121769428253174,
      12.353449821472168,
      5.084583759307861,
      4.276669025421143,
      4.3709397315979,
      5.113946914672852,
      5.632160186767578,
      5.4665117263793945,
      5.0467729568481445,
      4.662935733795166,
      4.309792995452881
    ],
    "mean_rhat_per_factor": [
      2.4354681968688965,
      3.762782335281372,
      2.477649450302124,
      2.9486544132232666,
      3.4591081142425537,
      2.128239393234253,
      1.869120717048645,
      2.7392938137054443,
      2.326153039932251,
      2.828782081604004,
      2.5261852741241455,
      2.32521390914917,
      2.1398825645446777,
      2.377377510070801,
      3.1700634956359863,
      2.989431381225586,
      2.408176898956299,
      2.313424825668335,
      2.331338405609131,
      3.011233329772949,
      2.665623426437378,
      3.274807929992676,
      2.4711458683013916,
      2.4758596420288086,
      2.2253258228302,
      3.1948604583740234,
      2.8422317504882812,
      3.0669353008270264,
      2.642214298248291,
      2.3761003017425537,
      2.335538864135742,
      3.6971869468688965,
      2.625816822052002,
      2.342884063720703,
      2.687058448791504,
      2.062854051589966,
      2.158766031265259,
      2.4826626777648926,
      3.7523694038391113,
      2.2344062328338623,
      4.916178226470947,
      2.7517549991607666,
      2.086005449295044,
      2.135280132293701,
      2.188857078552246,
      2.733612298965454,
      2.835820436477661,
      2.2605788707733154,
      2.436728000640869,
      2.286099433898926
    ],
    "max_rhat_overall": 12.353449821472168,
    "mean_rhat_overall": 2.6562626361846924
  }
}