{
  "chain_id": 0,
  "seed": 42,
  "log_likelihood": -87967.265625,
  "convergence": true,
  "execution_time": 2862.510476708412
}