{
  "W": {
    "max_rhat_per_factor": [
      2.1881637573242188,
      2.4514095783233643,
      2.1330418586730957,
      2.3325650691986084,
      2.410027265548706,
      2.4043421745300293,
      2.1257662773132324,
      2.306807518005371,
      2.091195821762085,
      2.3552157878875732,
      2.5472848415374756,
      2.148578643798828,
      2.61906361579895,
      2.560319662094116,
      1.9933236837387085,
      2.2614173889160156,
      2.5576257705688477,
      2.7661197185516357,
      2.2104461193084717,
      2.0724310874938965,
      1.9519122838974,
      2.226693630218506,
      2.361368417739868,
      2.5842487812042236,
      2.0172433853149414,
      1.9562938213348389,
      2.3610498905181885,
      2.691143751144409,
      2.2721288204193115,
      2.399836540222168
    ],
    "mean_rhat_per_factor": [
      1.2790483236312866,
      1.3362966775894165,
      1.2137521505355835,
      1.4015393257141113,
      1.2530423402786255,
      1.258418321609497,
      1.2563778162002563,
      1.2829995155334473,
      1.229175329208374,
      1.2731964588165283,
      1.376966953277588,
      1.2542146444320679,
      1.3080936670303345,
      1.4614412784576416,
      1.2434642314910889,
      1.2810627222061157,
      1.2211943864822388,
      1.3400248289108276,
      1.3096572160720825,
      1.272924780845642,
      1.2700839042663574,
      1.3355224132537842,
      1.2215843200683594,
      1.3079653978347778,
      1.2267144918441772,
      1.254120111465454,
      1.2168934345245361,
      1.3420275449752808,
      1.2428752183914185,
      1.2976723909378052
    ],
    "max_rhat_overall": 2.7661197185516357,
    "mean_rhat_overall": 1.2856117486953735
  },
  "Z": {
    "max_rhat_per_factor": [
      5.534156322479248,
      7.981322765350342,
      5.491347312927246,
      4.719270706176758,
      3.551162004470825,
      4.8435258865356445,
      5.493905544281006,
      8.139595031738281,
      6.410986423492432,
      5.116097927093506,
      4.2564311027526855,
      5.905175685882568,
      7.534997463226318,
      10.09048843383789,
      5.4576263427734375,
      7.139490604400635,
      4.054895401000977,
      6.652958393096924,
      4.615347385406494,
      5.718302249908447,
      5.899569511413574,
      4.255186080932617,
      4.189439296722412,
      6.060373306274414,
      5.556650638580322,
      7.27475118637085,
      4.249366283416748,
      8.407944679260254,
      5.009701728820801,
      6.544522762298584
    ],
    "mean_rhat_per_factor": [
      2.623476266860962,
      3.839245080947876,
      2.409942626953125,
      2.688225030899048,
      2.0811705589294434,
      2.601658821105957,
      2.422576427459717,
      3.380279302597046,
      2.185084819793701,
      2.725368022918701,
      2.4400503635406494,
      2.8915133476257324,
      3.549198627471924,
      3.5165629386901855,
      2.9080450534820557,
      3.3688251972198486,
      2.2893946170806885,
      2.71768856048584,
      2.4930646419525146,
      2.7793197631835938,
      2.632439374923706,
      2.016486167907715,
      2.046870470046997,
      2.9542903900146484,
      2.8779077529907227,
      3.118025064468384,
      2.413116216659546,
      3.337578296661377,
      2.406069040298462,
      2.930443048477173
    ],
    "max_rhat_overall": 10.09048843383789,
    "mean_rhat_overall": 2.7547972202301025
  }
}