{
  "chain_id": 0,
  "seed": 42,
  "log_likelihood": -121654.7578125,
  "convergence": true,
  "execution_time": 2016.8138619065285
}