{
  "chain_id": 0,
  "seed": 42,
  "log_likelihood": -87948.53125,
  "convergence": true,
  "execution_time": 5708.567745268345
}