{
  "W": {
    "max_rhat_per_factor": [
      2.7025527954101562,
      3.150742769241333,
      2.5494179725646973,
      2.520571231842041,
      2.270031690597534,
      3.210822820663452,
      2.8569533824920654,
      3.1621181964874268,
      2.927842378616333,
      3.235358476638794,
      2.8667025566101074,
      2.5998289585113525,
      3.2026474475860596,
      3.4000937938690186,
      2.6668076515197754,
      3.256432294845581,
      2.517970085144043,
      2.491609811782837,
      2.391326904296875,
      2.9118268489837646,
      3.392526149749756,
      2.6405444145202637,
      2.865899085998535,
      3.492647409439087,
      2.9224963188171387,
      3.253181219100952,
      2.6173434257507324,
      2.9298031330108643,
      2.6563053131103516,
      3.0789151191711426,
      2.8474268913269043,
      2.9418530464172363,
      2.750134229660034,
      2.826167106628418,
      2.8431060314178467,
      2.6133737564086914,
      2.9456472396850586,
      4.294620037078857,
      3.172717809677124,
      3.1916284561157227,
      2.887488842010498,
      2.3159396648406982,
      2.720151662826538,
      5.168785095214844,
      2.628403425216675,
      2.760622978210449,
      2.4810824394226074,
      2.7830634117126465,
      3.096780776977539,
      3.150728464126587
    ],
    "mean_rhat_per_factor": [
      1.337058663368225,
      1.5226408243179321,
      1.3548578023910522,
      1.323311448097229,
      1.3338508605957031,
      1.430780291557312,
      1.3886679410934448,
      1.39629328250885,
      1.416391134262085,
      1.388368010520935,
      1.3805397748947144,
      1.4168449640274048,
      1.5147579908370972,
      1.3860034942626953,
      1.385398030281067,
      1.3538793325424194,
      1.3123804330825806,
      1.3787821531295776,
      1.2934613227844238,
      1.472283959388733,
      1.4672660827636719,
      1.3414171934127808,
      1.34648859500885,
      1.465006709098816,
      1.3816231489181519,
      1.4920161962509155,
      1.3251333236694336,
      1.3474457263946533,
      1.3602287769317627,
      1.3732854127883911,
      1.4121671915054321,
      1.5091649293899536,
      1.4320673942565918,
      1.5887161493301392,
      1.3562172651290894,
      1.4322543144226074,
      1.3994795083999634,
      1.4408036470413208,
      1.4201345443725586,
      1.39681875705719,
      1.3657816648483276,
      1.3474533557891846,
      1.3956166505813599,
      1.4410395622253418,
      1.3728107213974,
      1.4798210859298706,
      1.421033263206482,
      1.4375863075256348,
      1.480857014656067,
      1.3924601078033447
    ],
    "max_rhat_overall": 5.168785095214844,
    "mean_rhat_overall": 1.4041749238967896
  },
  "Z": {
    "max_rhat_per_factor": [
      4.213092803955078,
      7.023059844970703,
      3.7336695194244385,
      4.19543981552124,
      3.6904780864715576,
      5.530873775482178,
      7.879929065704346,
      7.671588897705078,
      4.371432304382324,
      6.373641014099121,
      6.651795387268066,
      5.538136005401611,
      5.090975761413574,
      5.609936714172363,
      6.12498140335083,
      5.802706241607666,
      4.368359088897705,
      4.942535877227783,
      3.261044502258301,
      5.427742958068848,
      7.06763219833374,
      4.662858009338379,
      4.421748161315918,
      5.539395809173584,
      4.182286739349365,
      5.621729850769043,
      3.6484851837158203,
      5.400051116943359,
      4.029183387756348,
      4.657732009887695,
      5.6299872398376465,
      6.294820308685303,
      6.707455635070801,
      8.033145904541016,
      4.332942485809326,
      5.054903030395508,
      5.540072441101074,
      5.855973720550537,
      5.273235321044922,
      4.241396427154541,
      4.168008327484131,
      4.312272071838379,
      5.0714569091796875,
      8.793244361877441,
      4.3911285400390625,
      6.53425931930542,
      8.894388198852539,
      6.293455123901367,
      6.220128059387207,
      8.310925483703613
    ],
    "mean_rhat_per_factor": [
      2.0192575454711914,
      3.806878089904785,
      2.137075424194336,
      2.3563549518585205,
      2.3423311710357666,
      2.862877368927002,
      3.941511392593384,
      2.69582200050354,
      2.602288246154785,
      3.140962839126587,
      2.7373013496398926,
      2.592055320739746,
      2.170105218887329,
      2.271019220352173,
      2.8483235836029053,
      2.516927480697632,
      2.228207588195801,
      2.418323516845703,
      2.0016398429870605,
      2.5099036693573,
      3.136106014251709,
      1.9834766387939453,
      2.3311567306518555,
      2.93540096282959,
      2.1704466342926025,
      3.106471300125122,
      1.948492169380188,
      2.608393907546997,
      2.2757010459899902,
      2.640498399734497,
      2.664226531982422,
      3.3466644287109375,
      2.859839677810669,
      2.870032787322998,
      2.4170138835906982,
      2.6413683891296387,
      3.1375441551208496,
      2.552823305130005,
      2.6713054180145264,
      2.5029842853546143,
      2.2656354904174805,
      2.394965887069702,
      2.7517855167388916,
      3.5484774112701416,
      2.449883222579956,
      2.8770992755889893,
      2.9822757244110107,
      2.9593067169189453,
      3.1602301597595215,
      3.236469030380249
    ],
    "max_rhat_overall": 8.894388198852539,
    "mean_rhat_overall": 2.6725049018859863
  }
}