{
  "chain_id": 3,
  "seed": 3042,
  "log_likelihood": -87967.265625,
  "convergence": true,
  "execution_time": 2862.510476708412
}