{
  "W": {
    "max_rhat_per_factor": [
      2.172433853149414,
      2.5701091289520264,
      2.283830404281616,
      2.3657877445220947,
      2.482111930847168,
      2.2711775302886963,
      2.401566743850708,
      2.362229108810425,
      2.0913543701171875,
      2.432041645050049,
      2.076000928878784,
      2.576324224472046,
      2.1010632514953613,
      3.2377352714538574,
      2.5860795974731445,
      2.4724910259246826,
      2.193739891052246,
      2.2087066173553467,
      2.2416510581970215,
      2.2645318508148193
    ],
    "mean_rhat_per_factor": [
      1.3339223861694336,
      1.341640591621399,
      1.3004968166351318,
      1.3441482782363892,
      1.4024208784103394,
      1.3354990482330322,
      1.3557201623916626,
      1.3380100727081299,
      1.2678238153457642,
      1.3089395761489868,
      1.326054573059082,
      1.371827483177185,
      1.2595113515853882,
      1.398095965385437,
      1.321776032447815,
      1.5117638111114502,
      1.3256593942642212,
      1.2352173328399658,
      1.3751487731933594,
      1.2893576622009277
    ],
    "max_rhat_overall": 3.2377352714538574,
    "mean_rhat_overall": 1.3371517658233643
  },
  "Z": {
    "max_rhat_per_factor": [
      5.128317832946777,
      4.876834869384766,
      4.820984363555908,
      4.8965535163879395,
      6.188833713531494,
      5.801283836364746,
      6.772547721862793,
      6.386996269226074,
      5.378389358520508,
      4.312101364135742,
      4.443984508514404,
      5.406764984130859,
      4.637547969818115,
      6.387082576751709,
      5.19964599609375,
      6.477181434631348,
      4.503722667694092,
      6.0649847984313965,
      10.1033296585083,
      6.088338851928711
    ],
    "mean_rhat_per_factor": [
      2.8475589752197266,
      2.4400148391723633,
      2.4116904735565186,
      2.6131832599639893,
      2.8698947429656982,
      2.8514788150787354,
      3.056943416595459,
      2.914457321166992,
      2.4891648292541504,
      2.386734962463379,
      2.2814598083496094,
      2.813474178314209,
      2.5429067611694336,
      2.946812152862549,
      2.378725051879883,
      2.745213031768799,
      2.1780173778533936,
      2.969299793243408,
      4.264886856079102,
      2.937519073486328
    ],
    "max_rhat_overall": 10.1033296585083,
    "mean_rhat_overall": 2.746971845626831
  }
}