{
  "chain_id": 2,
  "seed": 2042,
  "log_likelihood": -5043.62451171875,
  "convergence": true,
  "execution_time": 1689.9440897107124
}