{
  "W": {
    "max_rhat_per_factor": [
      7.7667555809021,
      11.026651382446289
    ],
    "mean_rhat_per_factor": [
      3.540148973464966,
      7.202591419219971
    ],
    "max_rhat_overall": 11.026651382446289,
    "mean_rhat_overall": 5.371368885040283
  },
  "Z": {
    "max_rhat_per_factor": [
      3.990217685699463,
      3.7223899364471436
    ],
    "mean_rhat_per_factor": [
      2.5044615268707275,
      1.8690112829208374
    ],
    "max_rhat_overall": 3.990217685699463,
    "mean_rhat_overall": 2.1867361068725586
  }
}