{
  "W": {
    "max_rhat_per_factor": [
      2.283621072769165,
      2.133387565612793,
      2.2744317054748535,
      2.0946831703186035,
      2.670584201812744,
      2.1032114028930664,
      2.1070404052734375,
      2.190402030944824,
      2.0666146278381348,
      2.446579933166504,
      2.288273811340332,
      2.422614574432373,
      2.2785587310791016,
      2.032991886138916,
      2.195410966873169,
      2.217853546142578,
      2.0955331325531006,
      2.7961297035217285,
      2.2407262325286865,
      2.4980876445770264
    ],
    "mean_rhat_per_factor": [
      1.3738597631454468,
      1.3449786901474,
      1.3281304836273193,
      1.2925684452056885,
      1.3424856662750244,
      1.3366602659225464,
      1.2857701778411865,
      1.3051499128341675,
      1.3290414810180664,
      1.2981261014938354,
      1.4201141595840454,
      1.2205774784088135,
      1.4059295654296875,
      1.2505486011505127,
      1.3582994937896729,
      1.4009402990341187,
      1.295567274093628,
      1.3351147174835205,
      1.324558973312378,
      1.301284670829773
    ],
    "max_rhat_overall": 2.7961297035217285,
    "mean_rhat_overall": 1.3274853229522705
  },
  "Z": {
    "max_rhat_per_factor": [
      6.324463844299316,
      4.854560852050781,
      5.583284378051758,
      6.751211643218994,
      4.872054576873779,
      7.04610013961792,
      4.423691749572754,
      5.407139301300049,
      5.237090110778809,
      6.018155097961426,
      4.708362102508545,
      7.380159854888916,
      6.040907859802246,
      4.057774543762207,
      7.00654411315918,
      5.039693355560303,
      4.5657124519348145,
      5.710941791534424,
      7.132442951202393,
      4.249216556549072
    ],
    "mean_rhat_per_factor": [
      3.249667167663574,
      2.5894148349761963,
      2.305421829223633,
      2.8293211460113525,
      2.8532426357269287,
      3.438009262084961,
      2.3885834217071533,
      2.617365598678589,
      2.654625177383423,
      2.8589444160461426,
      2.2720656394958496,
      3.3650925159454346,
      3.0479838848114014,
      2.318281412124634,
      2.9784634113311768,
      2.544236183166504,
      2.339764356613159,
      2.6992993354797363,
      3.3436601161956787,
      2.599996566772461
    ],
    "max_rhat_overall": 7.380159854888916,
    "mean_rhat_overall": 2.764672040939331
  }
}