{
  "W": {
    "max_rhat_per_factor": [
      5.199227333068848,
      4.709476947784424,
      5.43349552154541,
      5.340356349945068,
      7.629849433898926
    ],
    "mean_rhat_per_factor": [
      4.311642646789551,
      3.806497573852539,
      4.211682319641113,
      3.6417839527130127,
      4.272818088531494
    ],
    "max_rhat_overall": 7.629849433898926,
    "mean_rhat_overall": 4.048885822296143
  },
  "Z": {
    "max_rhat_per_factor": [
      39.42198181152344,
      13.473793029785156,
      64.39966583251953,
      45.50349044799805,
      65.82722473144531
    ],
    "mean_rhat_per_factor": [
      11.993700981140137,
      4.565466403961182,
      14.685075759887695,
      12.197854995727539,
      12.457098007202148
    ],
    "max_rhat_overall": 65.82722473144531,
    "mean_rhat_overall": 11.179840087890625
  },
  "W_aligned": {
    "max_rhat_per_factor": [
      5.199817180633545,
      6.7130842208862305,
      5.048655033111572,
      4.996069431304932,
      5.122436046600342
    ],
    "mean_rhat_per_factor": [
      4.312448024749756,
      3.9735801219940186,
      4.136641025543213,
      4.155679702758789,
      4.232485771179199
    ],
    "max_rhat_overall": 6.7130842208862305,
    "mean_rhat_overall": 4.162166595458984,
    "convergence_rate": 0.003650442477876106,
    "factor_match_rate": 1.0,
    "n_matched_factors": 5
  },
  "Z_aligned": {
    "max_rhat_per_factor": [
      32.52931213378906,
      28.754484176635742,
      67.81769561767578,
      32.27104949951172,
      29.98880386352539
    ],
    "mean_rhat_per_factor": [
      11.766866683959961,
      8.7123441696167,
      13.380345344543457,
      12.027873039245605,
      11.890473365783691
    ],
    "max_rhat_overall": 67.81769561767578,
    "mean_rhat_overall": 11.555580139160156,
    "convergence_rate": 0.0,
    "factor_match_rate": 1.0,
    "n_matched_factors": 5
  }
}