,Chain_0,Chain_1,Chain_2,Chain_3
Chain_0,0.0,0.9516078948974609,0.9998474955558777,0.9998850584030151
Chain_1,0.0,0.0,0.0,0.0
Chain_2,0.0,0.0,0.0,0.0
Chain_3,0.0,0.0,0.0,0.0
