{
  "chain_id": 2,
  "seed": 2042,
  "log_likelihood": -87967.265625,
  "convergence": true,
  "execution_time": 2862.510476708412
}