,Chain_0,Chain_1,Chain_2,Chain_3
Chain_0,0.0,0.9997608065605164,0.9998661577701569,0.9998446404933929
Chain_1,0.0,0.0,0.0,0.0
Chain_2,0.0,0.0,0.0,0.0
Chain_3,0.0,0.0,0.0,0.0
