{
  "W": {
    "max_rhat_per_factor": [
      10.44508171081543,
      12.798574447631836
    ],
    "mean_rhat_per_factor": [
      5.150709629058838,
      7.321262359619141
    ],
    "max_rhat_overall": 12.798574447631836,
    "mean_rhat_overall": 6.235985279083252
  },
  "Z": {
    "max_rhat_per_factor": [
      4.205627918243408,
      7.571853160858154
    ],
    "mean_rhat_per_factor": [
      2.003448247909546,
      3.3287904262542725
    ],
    "max_rhat_overall": 7.571853160858154,
    "mean_rhat_overall": 2.6661195755004883
  }
}