{
  "W": {
    "max_rhat_per_factor": [
      8.653915405273438,
      10.936049461364746
    ],
    "mean_rhat_per_factor": [
      3.910170793533325,
      6.4661784172058105
    ],
    "max_rhat_overall": 10.936049461364746,
    "mean_rhat_overall": 5.188174247741699
  },
  "Z": {
    "max_rhat_per_factor": [
      4.342033863067627,
      4.042968273162842
    ],
    "mean_rhat_per_factor": [
      2.486929178237915,
      2.0546107292175293
    ],
    "max_rhat_overall": 4.342033863067627,
    "mean_rhat_overall": 2.2707695960998535
  }
}