Subject_ID,Subject_Index,Max_Outlier_Pct,sn_Outlier_Pct
784696,63,17.50278706800446,17.50278706800446
852116,78,17.391304347826086,17.391304347826086
