{
  "W": {
    "max_rhat_per_factor": [
      14.195812225341797,
      10.930208206176758
    ],
    "mean_rhat_per_factor": [
      5.798323154449463,
      3.9428043365478516
    ],
    "max_rhat_overall": 14.195812225341797,
    "mean_rhat_overall": 4.870563507080078
  },
  "Z": {
    "max_rhat_per_factor": [
      11.255763053894043,
      5.982954502105713
    ],
    "mean_rhat_per_factor": [
      4.251718997955322,
      3.0021071434020996
    ],
    "max_rhat_overall": 11.255763053894043,
    "mean_rhat_overall": 3.62691330909729
  }
}