{
  "chain_id": 3,
  "seed": 3042,
  "log_likelihood": -105803.1171875,
  "convergence": true,
  "execution_time": 3803.932727396488
}