{
  "W": {
    "max_rhat_per_factor": [
      2.259212017059326,
      2.101771593093872,
      2.9497289657592773,
      2.6140477657318115,
      3.1147301197052,
      2.4816761016845703,
      2.278650999069214,
      2.2959744930267334,
      2.258678913116455,
      2.3635661602020264,
      2.6429076194763184,
      2.9687271118164062,
      2.850799322128296,
      2.4687905311584473,
      3.000629425048828,
      2.6911392211914062,
      3.2253036499023438,
      3.006213903427124,
      2.464046001434326,
      2.9118924140930176,
      2.7796542644500732,
      2.7229702472686768,
      2.636089324951172,
      2.614699602127075,
      3.344128370285034,
      2.8456435203552246,
      2.7503132820129395,
      2.1831185817718506,
      2.326540231704712,
      2.869948148727417,
      3.6817092895507812,
      2.7034194469451904,
      2.792055606842041,
      2.5360488891601562,
      2.9837758541107178,
      3.100170612335205,
      2.7039449214935303,
      2.261544942855835,
      2.1293861865997314,
      2.4452321529388428,
      2.522106409072876,
      2.2654130458831787,
      2.1701161861419678,
      2.067131519317627,
      2.513706922531128,
      2.4916563034057617,
      2.2550415992736816,
      2.0630648136138916,
      2.349336862564087,
      2.7803213596343994
    ],
    "mean_rhat_per_factor": [
      1.2218085527420044,
      1.2277398109436035,
      1.3307973146438599,
      1.257462501525879,
      1.2994847297668457,
      1.2720732688903809,
      1.2545104026794434,
      1.2759050130844116,
      1.289618730545044,
      1.2484930753707886,
      1.3469241857528687,
      1.3085758686065674,
      1.2562510967254639,
      1.350051999092102,
      1.2643452882766724,
      1.3479070663452148,
      1.3920272588729858,
      1.3280930519104004,
      1.3051393032073975,
      1.2603070735931396,
      1.397501826286316,
      1.3067681789398193,
      1.2441418170928955,
      1.3150502443313599,
      1.3670450448989868,
      1.3009971380233765,
      1.3161003589630127,
      1.3117538690567017,
      1.2895914316177368,
      1.2487436532974243,
      1.3322316408157349,
      1.2431575059890747,
      1.3378875255584717,
      1.300016164779663,
      1.3285059928894043,
      1.260644793510437,
      1.3008893728256226,
      1.2847973108291626,
      1.2912815809249878,
      1.3067325353622437,
      1.3116998672485352,
      1.3109707832336426,
      1.2806224822998047,
      1.25480055809021,
      1.3576114177703857,
      1.290533185005188,
      1.2157179117202759,
      1.3041709661483765,
      1.3137317895889282,
      1.279722809791565
    ],
    "max_rhat_overall": 3.6817092895507812,
    "mean_rhat_overall": 1.2968186140060425
  },
  "Z": {
    "max_rhat_per_factor": [
      3.6378047466278076,
      3.7314751148223877,
      3.8640074729919434,
      5.322636127471924,
      4.864086627960205,
      3.5720937252044678,
      3.4472885131835938,
      5.877208709716797,
      4.336292266845703,
      4.489840507507324,
      8.259839057922363,
      5.235545635223389,
      3.580549955368042,
      3.5304794311523438,
      3.7921204566955566,
      4.458150863647461,
      7.918413162231445,
      5.558440208435059,
      4.493720531463623,
      4.9371562004089355,
      4.784685134887695,
      5.259308338165283,
      4.390368461608887,
      5.075547695159912,
      5.342750549316406,
      5.304062366485596,
      4.82146692276001,
      7.109622955322266,
      5.207109451293945,
      5.734013557434082,
      5.648038864135742,
      4.681239128112793,
      6.456686019897461,
      8.623791694641113,
      4.58089542388916,
      4.756195545196533,
      5.677374362945557,
      6.546989917755127,
      5.176511287689209,
      5.0805511474609375,
      6.25908899307251,
      5.080651760101318,
      5.992157459259033,
      4.889489650726318,
      7.457458972930908,
      4.323547840118408,
      4.950062274932861,
      5.417374610900879,
      5.656457901000977,
      4.468494415283203
    ],
    "mean_rhat_per_factor": [
      1.853344202041626,
      1.890044093132019,
      1.9761992692947388,
      2.981294870376587,
      2.4750075340270996,
      1.9124839305877686,
      1.8836785554885864,
      2.857691764831543,
      2.1536083221435547,
      2.0022544860839844,
      3.603811502456665,
      2.9183616638183594,
      2.0447998046875,
      2.037224054336548,
      2.2038896083831787,
      2.429374933242798,
      2.9453065395355225,
      2.681293487548828,
      2.538774013519287,
      2.499492645263672,
      2.089655637741089,
      2.500901222229004,
      2.2518184185028076,
      2.507720470428467,
      2.691946268081665,
      2.4041404724121094,
      2.5691041946411133,
      3.3412795066833496,
      2.501988649368286,
      2.3340113162994385,
      2.6675844192504883,
      2.678393840789795,
      2.870143413543701,
      3.8937971591949463,
      2.3065521717071533,
      2.4226396083831787,
      2.6128056049346924,
      3.2840089797973633,
      2.6986706256866455,
      2.3184127807617188,
      2.578164577484131,
      2.317500591278076,
      2.89544939994812,
      2.40067195892334,
      3.551257848739624,
      2.2980594635009766,
      2.762532949447632,
      2.696223497390747,
      2.860664129257202,
      2.275538444519043
    ],
    "max_rhat_overall": 8.623791694641113,
    "mean_rhat_overall": 2.549391508102417
  }
}