{
  "W": {
    "max_rhat_per_factor": [
      1.842527985572815,
      16.67832374572754
    ],
    "mean_rhat_per_factor": [
      1.287383794784546,
      9.922889709472656
    ],
    "max_rhat_overall": 16.67832374572754,
    "mean_rhat_overall": 5.605140686035156
  },
  "Z": {
    "max_rhat_per_factor": [
      3.7005679607391357,
      11.018731117248535
    ],
    "mean_rhat_per_factor": [
      2.1525826454162598,
      3.791639566421509
    ],
    "max_rhat_overall": 11.018731117248535,
    "mean_rhat_overall": 2.972111463546753
  }
}