{
  "chain_id": 0,
  "seed": 42,
  "log_likelihood": -101695.703125,
  "convergence": true,
  "execution_time": 3654.4017419219017
}