Subject_ID,Subject_Index,Max_Outlier_Pct,lentiform_Outlier_Pct
852116,78,18.122482988473823,18.122482988473823
317718,82,17.73364810442994,17.73364810442994
653499,19,14.039716706013055,14.039716706013055
720870,48,13.58144702124705,13.58144702124705
808484,3,9.887515622830163,9.887515622830163
896255,49,7.762810720733231,7.762810720733231
247101,66,6.499097347590612,6.499097347590612
939241,16,5.749201499791695,5.749201499791695
506394,43,5.374253575892237,5.374253575892237
