{
  "W": {
    "max_rhat_per_factor": [
      28.34040069580078,
      42.95143127441406,
      40.676292419433594,
      40.743080139160156,
      45.44839096069336,
      42.89152145385742,
      43.15220642089844,
      42.723487854003906,
      50.224361419677734,
      39.708824157714844,
      45.89291763305664,
      42.0374641418457
    ],
    "mean_rhat_per_factor": [
      7.153385639190674,
      8.687651634216309,
      8.751934051513672,
      8.85145092010498,
      9.01911449432373,
      8.98554801940918,
      9.0885648727417,
      9.108274459838867,
      9.200836181640625,
      9.05331802368164,
      9.138588905334473,
      9.125039100646973
    ],
    "max_rhat_overall": 50.224361419677734,
    "mean_rhat_overall": 8.84697437286377
  },
  "Z": {
    "max_rhat_per_factor": [
      16.42928123474121,
      16.59198570251465,
      16.132524490356445,
      16.604774475097656,
      13.159372329711914,
      20.05911636352539,
      13.707907676696777,
      14.056709289550781,
      13.25454044342041,
      13.059715270996094,
      15.789127349853516,
      138.6884307861328
    ],
    "mean_rhat_per_factor": [
      5.85270881652832,
      6.7077226638793945,
      6.929996967315674,
      7.0822343826293945,
      6.3939409255981445,
      7.671139240264893,
      6.453511714935303,
      5.756856918334961,
      6.240494251251221,
      5.108336448669434,
      6.015128135681152,
      10.895929336547852
    ],
    "max_rhat_overall": 138.6884307861328,
    "mean_rhat_overall": 6.758999824523926
  }
}