{
  "chain_id": 1,
  "seed": 1042,
  "log_likelihood": -87967.265625,
  "convergence": true,
  "execution_time": 2862.510476708412
}