{
  "W": {
    "max_rhat_per_factor": [
      81.1453857421875,
      124.89141845703125
    ],
    "mean_rhat_per_factor": [
      49.295799255371094,
      39.03293228149414
    ],
    "max_rhat_overall": 124.89141845703125,
    "mean_rhat_overall": 44.16434860229492
  },
  "Z": {
    "max_rhat_per_factor": [
      132.21397399902344,
      74.42240142822266
    ],
    "mean_rhat_per_factor": [
      102.72584533691406,
      64.98323059082031
    ],
    "max_rhat_overall": 132.21397399902344,
    "mean_rhat_overall": 83.85454559326172
  }
}