,Chain_0,Chain_1,Chain_2,Chain_3
Chain_0,0.0,0.9998205006122589,0.9998044371604919,0.4748059883713722
Chain_1,0.0,0.0,0.0,0.0
Chain_2,0.0,0.0,0.0,0.0
Chain_3,0.0,0.0,0.0,0.0
