{
  "chain_id": 0,
  "seed": 42,
  "log_likelihood": -84312.96875,
  "convergence": true,
  "execution_time": 3679.9268394708633
}