{
  "W": {
    "max_rhat_per_factor": [
      1.9577367305755615,
      2.8856430053710938
    ],
    "mean_rhat_per_factor": [
      1.290103793144226,
      1.1873780488967896
    ],
    "max_rhat_overall": 2.8856430053710938,
    "mean_rhat_overall": 1.2387408018112183
  },
  "Z": {
    "max_rhat_per_factor": [
      3.6179444789886475,
      4.347762584686279
    ],
    "mean_rhat_per_factor": [
      1.5382428169250488,
      1.8637927770614624
    ],
    "max_rhat_overall": 4.347762584686279,
    "mean_rhat_overall": 1.7010178565979004
  }
}