{
  "W": {
    "max_rhat_per_factor": [
      100.34210968017578,
      124.21554565429688,
      103.02140045166016,
      141.822021484375,
      125.62338256835938,
      133.9402618408203,
      136.6593017578125,
      140.25552368164062,
      146.1096954345703,
      135.85304260253906,
      131.45802307128906,
      161.39671325683594,
      168.2690887451172,
      164.5754852294922,
      150.5021514892578,
      179.76327514648438,
      179.65806579589844,
      218.60870361328125,
      189.2574920654297,
      167.1519775390625,
      172.79530334472656,
      172.3921661376953
    ],
    "mean_rhat_per_factor": [
      15.124263763427734,
      24.12593650817871,
      28.88432502746582,
      32.5445671081543,
      34.476139068603516,
      36.030635833740234,
      35.43663787841797,
      37.078697204589844,
      39.679744720458984,
      39.45222854614258,
      40.710289001464844,
      40.42210388183594,
      41.521453857421875,
      42.57853698730469,
      42.221134185791016,
      43.13269805908203,
      42.17353439331055,
      42.59874725341797,
      44.36771774291992,
      44.55027770996094,
      44.9421501159668,
      47.54308319091797
    ],
    "max_rhat_overall": 218.60870361328125,
    "mean_rhat_overall": 38.16339874267578
  },
  "Z": {
    "max_rhat_per_factor": [
      102.69923400878906,
      58.456878662109375,
      53.404380798339844,
      72.00381469726562,
      77.40083312988281,
      59.70142364501953,
      74.84857940673828,
      47.559242248535156,
      64.38274383544922,
      60.86609649658203,
      63.39314651489258,
      56.28178024291992,
      61.89153289794922,
      77.75740051269531,
      39.85962677001953,
      52.738182067871094,
      27.529367446899414,
      45.07124328613281,
      95.95306396484375,
      318.1115417480469,
      238.3679962158203,
      455.5326843261719
    ],
    "mean_rhat_per_factor": [
      19.23775863647461,
      17.904647827148438,
      18.62639617919922,
      21.249311447143555,
      24.392210006713867,
      20.767093658447266,
      21.050230026245117,
      17.928058624267578,
      23.223451614379883,
      22.24689292907715,
      20.73933982849121,
      24.76793098449707,
      22.877233505249023,
      27.937273025512695,
      15.68813419342041,
      20.647907257080078,
      10.765271186828613,
      20.56181526184082,
      31.607484817504883,
      35.197025299072266,
      34.173221588134766,
      45.310245513916016
    ],
    "max_rhat_overall": 455.5326843261719,
    "mean_rhat_overall": 23.495407104492188
  }
}