,Chain_0,Chain_1,Chain_2,Chain_3
Chain_0,0.0,0.9763513613830913,0.9890706512061033,0.9848259524865584
Chain_1,0.0,0.0,0.0,0.0
Chain_2,0.0,0.0,0.0,0.0
Chain_3,0.0,0.0,0.0,0.0
