ROI,Threshold,Voxels_Retained,Retention_Pct,Voxels_Removed,Variance_Ratio,Correlation_Preservation,Is_Elbow
volume_putamen_voxels,2.0,153,0.7134862898712927,21291,0.9999999999999998,,False
volume_putamen_voxels,2.5,1816,8.46856929677299,19628,0.9999999999999998,1.0,False
volume_putamen_voxels,3.0,6114,28.51147174034695,15330,0.9999999999999998,1.0,False
volume_putamen_voxels,3.5,11087,51.70210781570602,10357,1.0000000000000004,1.0,False
volume_putamen_voxels,4.0,15030,70.08953553441522,6414,1.0000000000000002,1.0,True
volume_putamen_voxels,5.0,18382,85.72094758440589,3062,1.0000000000000004,1.0,False
