{
  "W": {
    "max_rhat_per_factor": [
      42.54551696777344,
      40.04896545410156,
      40.39287185668945,
      60.883392333984375,
      58.541805267333984
    ],
    "mean_rhat_per_factor": [
      28.044410705566406,
      24.383554458618164,
      24.511430740356445,
      24.64597511291504,
      24.229888916015625
    ],
    "max_rhat_overall": 60.883392333984375,
    "mean_rhat_overall": 25.163055419921875
  },
  "Z": {
    "max_rhat_per_factor": [
      67.89793395996094,
      58.74918746948242,
      71.80115509033203,
      36.097412109375,
      25.299131393432617
    ],
    "mean_rhat_per_factor": [
      49.84157943725586,
      40.544673919677734,
      49.776702880859375,
      25.483200073242188,
      18.47651481628418
    ],
    "max_rhat_overall": 71.80115509033203,
    "mean_rhat_overall": 36.82453536987305
  }
}