,Chain_0,Chain_1,Chain_2,Chain_3
Chain_0,0.0,0.9963212013244629,0.9470759153366088,0.9906577706336975
Chain_1,0.0,0.0,0.0,0.0
Chain_2,0.0,0.0,0.0,0.0
Chain_3,0.0,0.0,0.0,0.0
