{
  "chain_id": 0,
  "seed": 42,
  "log_likelihood": -50652.4296875,
  "convergence": true,
  "execution_time": 1971.3335180282593
}