{
  "W": {
    "max_rhat_per_factor": [
      62.32917404174805,
      63.876190185546875
    ],
    "mean_rhat_per_factor": [
      35.45521545410156,
      29.93678092956543
    ],
    "max_rhat_overall": 63.876190185546875,
    "mean_rhat_overall": 32.696006774902344
  },
  "Z": {
    "max_rhat_per_factor": [
      40.27070617675781,
      20.052188873291016
    ],
    "mean_rhat_per_factor": [
      26.39517593383789,
      16.881860733032227
    ],
    "max_rhat_overall": 40.27070617675781,
    "mean_rhat_overall": 21.638517379760742
  }
}