{
  "W": {
    "max_rhat_per_factor": [
      5.459414482116699,
      5.174027442932129,
      5.17715311050415,
      5.914497375488281,
      4.306581497192383
    ],
    "mean_rhat_per_factor": [
      2.5331192016601562,
      2.3678836822509766,
      2.1879749298095703,
      2.2279207706451416,
      1.7833726406097412
    ],
    "max_rhat_overall": 5.914497375488281,
    "mean_rhat_overall": 2.2200534343719482
  },
  "Z": {
    "max_rhat_per_factor": [
      3.696546792984009,
      4.5943603515625,
      2.7077343463897705,
      3.7035677433013916,
      3.2307872772216797
    ],
    "mean_rhat_per_factor": [
      2.1473450660705566,
      2.5421972274780273,
      1.9741843938827515,
      2.1444103717803955,
      2.116380453109741
    ],
    "max_rhat_overall": 4.5943603515625,
    "mean_rhat_overall": 2.184903383255005
  }
}