{
  "W": {
    "max_rhat_per_factor": [
      2.3963170051574707,
      3.158747434616089,
      2.1733665466308594,
      2.800933361053467,
      2.3442153930664062,
      2.6256940364837646,
      2.346374750137329,
      2.6141810417175293,
      2.191114664077759,
      2.6469011306762695,
      2.493901252746582,
      2.2050986289978027,
      2.3211135864257812,
      2.248664379119873,
      2.302084445953369,
      2.419466972351074,
      2.305849313735962,
      3.2818338871002197,
      2.4616081714630127,
      2.0742199420928955
    ],
    "mean_rhat_per_factor": [
      1.4864460229873657,
      1.4784035682678223,
      1.3392348289489746,
      1.4562855958938599,
      1.3433372974395752,
      1.3925679922103882,
      1.3125754594802856,
      1.3920032978057861,
      1.3414957523345947,
      1.4386191368103027,
      1.3568403720855713,
      1.3191193342208862,
      1.3192740678787231,
      1.3908618688583374,
      1.3540514707565308,
      1.34331476688385,
      1.3057153224945068,
      1.383830189704895,
      1.307918906211853,
      1.3392329216003418
    ],
    "max_rhat_overall": 3.2818338871002197,
    "mean_rhat_overall": 1.3700565099716187
  },
  "Z": {
    "max_rhat_per_factor": [
      4.487120628356934,
      6.9418721199035645,
      5.302359104156494,
      7.601944446563721,
      6.052974224090576,
      5.62656307220459,
      5.647714138031006,
      5.213644981384277,
      6.5534443855285645,
      6.657120704650879,
      4.328293323516846,
      3.8001673221588135,
      4.553130149841309,
      5.876368522644043,
      4.6451497077941895,
      4.581712245941162,
      5.865025043487549,
      4.242600917816162,
      5.40575647354126,
      5.046427249908447
    ],
    "mean_rhat_per_factor": [
      2.500666379928589,
      3.314418077468872,
      2.5514235496520996,
      3.8568522930145264,
      2.6476476192474365,
      2.743645668029785,
      2.5941734313964844,
      3.0617830753326416,
      3.222886800765991,
      2.5846590995788574,
      2.3417816162109375,
      2.048401117324829,
      2.21510910987854,
      2.9520578384399414,
      2.4983456134796143,
      2.380514621734619,
      2.1617720127105713,
      2.3904597759246826,
      2.6547300815582275,
      2.427022933959961
    ],
    "max_rhat_overall": 7.601944446563721,
    "mean_rhat_overall": 2.6574180126190186
  }
}