{
  "W": {
    "max_rhat_per_factor": [
      3.9414219856262207,
      12.891687393188477
    ],
    "mean_rhat_per_factor": [
      1.606191873550415,
      3.950033187866211
    ],
    "max_rhat_overall": 12.891687393188477,
    "mean_rhat_overall": 2.7781105041503906
  },
  "Z": {
    "max_rhat_per_factor": [
      36.067649841308594,
      4.0804595947265625
    ],
    "mean_rhat_per_factor": [
      12.861917495727539,
      2.540428400039673
    ],
    "max_rhat_overall": 36.067649841308594,
    "mean_rhat_overall": 7.701173305511475
  }
}