{
  "W": {
    "max_rhat_per_factor": [
      12.12885856628418,
      12.233329772949219
    ],
    "mean_rhat_per_factor": [
      5.726935863494873,
      5.215814590454102
    ],
    "max_rhat_overall": 12.233329772949219,
    "mean_rhat_overall": 5.471370697021484
  },
  "Z": {
    "max_rhat_per_factor": [
      15.34147834777832,
      13.190488815307617
    ],
    "mean_rhat_per_factor": [
      5.104309558868408,
      3.858971118927002
    ],
    "max_rhat_overall": 15.34147834777832,
    "mean_rhat_overall": 4.4816412925720215
  }
}