{
  "W": {
    "max_rhat_per_factor": [
      93.86750793457031,
      184.0548553466797,
      146.07066345214844,
      43.59560012817383,
      88.6224594116211
    ],
    "mean_rhat_per_factor": [
      8.264723777770996,
      17.836441040039062,
      86.03032684326172,
      8.526930809020996,
      5.836147308349609
    ],
    "max_rhat_overall": 184.0548553466797,
    "mean_rhat_overall": 25.298925399780273
  },
  "Z": {
    "max_rhat_per_factor": [
      161.1529083251953,
      129.92041015625,
      36.329952239990234,
      128.81033325195312,
      109.63380432128906
    ],
    "mean_rhat_per_factor": [
      48.768917083740234,
      13.817098617553711,
      3.0488617420196533,
      66.40803527832031,
      31.04070281982422
    ],
    "max_rhat_overall": 161.1529083251953,
    "mean_rhat_overall": 32.616729736328125
  },
  "W_aligned": {
    "max_rhat_per_factor": [
      10.375007629394531,
      10.785840034484863,
      9.306207656860352,
      12.294501304626465,
      10.066296577453613
    ],
    "mean_rhat_per_factor": [
      5.58172082901001,
      5.953028202056885,
      4.3990583419799805,
      6.953688144683838,
      5.279494762420654
    ],
    "max_rhat_overall": 12.294501304626465,
    "mean_rhat_overall": 5.63339900970459,
    "convergence_rate": 0.0,
    "factor_match_rate": 1.0,
    "n_matched_factors": 5
  },
  "Z_aligned": {
    "max_rhat_per_factor": [
      68.16798400878906,
      132.19647216796875,
      64.27729797363281,
      130.1015167236328,
      61.53091812133789
    ],
    "mean_rhat_per_factor": [
      9.196454048156738,
      12.1412353515625,
      7.621410846710205,
      42.286739349365234,
      6.997818470001221
    ],
    "max_rhat_overall": 132.19647216796875,
    "mean_rhat_overall": 15.648731231689453,
    "convergence_rate": 0.0,
    "factor_match_rate": 1.0,
    "n_matched_factors": 5
  }
}