{
  "W": {
    "max_rhat_per_factor": [
      2.4675087928771973,
      2.162595748901367,
      2.5844671726226807,
      2.0592966079711914,
      2.230100393295288,
      2.820753335952759,
      2.242185592651367,
      2.403733253479004,
      2.159262180328369,
      2.5968174934387207,
      2.2781982421875,
      2.0216002464294434,
      2.493678092956543,
      2.3654370307922363,
      2.2956695556640625,
      2.5221595764160156,
      1.989425539970398,
      2.266853094100952,
      2.102217197418213,
      2.2458603382110596
    ],
    "mean_rhat_per_factor": [
      1.3686928749084473,
      1.2999674081802368,
      1.2145349979400635,
      1.315244197845459,
      1.341532826423645,
      1.3251339197158813,
      1.3043336868286133,
      1.3680697679519653,
      1.333854079246521,
      1.2975858449935913,
      1.25310218334198,
      1.2855910062789917,
      1.4029620885849,
      1.3776277303695679,
      1.3311578035354614,
      1.3029736280441284,
      1.280258297920227,
      1.3543192148208618,
      1.3424344062805176,
      1.3073205947875977
    ],
    "max_rhat_overall": 2.820753335952759,
    "mean_rhat_overall": 1.320334792137146
  },
  "Z": {
    "max_rhat_per_factor": [
      4.8502092361450195,
      5.781014919281006,
      6.72669792175293,
      6.973038196563721,
      6.637026786804199,
      4.829282760620117,
      7.297784328460693,
      8.438255310058594,
      7.013051509857178,
      5.909379959106445,
      5.821152210235596,
      5.276002407073975,
      7.5575151443481445,
      4.529446601867676,
      5.493312358856201,
      8.732987403869629,
      5.2920660972595215,
      6.626154899597168,
      4.783862113952637,
      5.544128894805908
    ],
    "mean_rhat_per_factor": [
      2.562908887863159,
      3.2063796520233154,
      2.7521450519561768,
      3.385139226913452,
      2.8856537342071533,
      2.4474308490753174,
      3.4120192527770996,
      3.658752679824829,
      3.1849524974823,
      2.8310294151306152,
      2.9800901412963867,
      2.879035711288452,
      3.4037535190582275,
      2.422053813934326,
      2.6465022563934326,
      3.981207847595215,
      2.7127509117126465,
      3.0048208236694336,
      2.565476417541504,
      2.7775957584381104
    ],
    "max_rhat_overall": 8.732987403869629,
    "mean_rhat_overall": 2.984985113143921
  }
}