,Chain_0,Chain_1,Chain_2,Chain_3
Chain_0,0.0,0.9161993861198425,0.9161473512649536,0.9161437749862671
Chain_1,0.0,0.0,0.0,0.0
Chain_2,0.0,0.0,0.0,0.0
Chain_3,0.0,0.0,0.0,0.0
