{
  "chain_id": 0,
  "seed": 42,
  "log_likelihood": -5462.40283203125,
  "convergence": true,
  "execution_time": 2435.419082224369
}