{
  "chain_id": 2,
  "seed": 2042,
  "log_likelihood": -47675.796875,
  "convergence": true,
  "execution_time": 3686.321456670761
}