,Chain_0,Chain_1,Chain_2,Chain_3
Chain_0,0.0,0.9997852444648743,0.9976102948188782,0.9963425159454345
Chain_1,0.0,0.0,0.0,0.0
Chain_2,0.0,0.0,0.0,0.0
Chain_3,0.0,0.0,0.0,0.0
